category,orders,gmv,avg_rating,bad_review_rate
health_beauty,8647,1412089.53,4.17,12.86
watches_gifts,5493,1264016.98,4.06,15.23
bed_bath_table,9272,1225209.26,3.9,18.78
sports_leisure,7529,1118062.91,4.15,13.39
computers_accessories,6529,1032603.65,3.98,17.18
furniture_decor,6307,880329.92,3.94,18.49
housewares,5743,758392.25,4.09,14.61
cool_stuff,3558,691518.64,4.18,12.16
auto,3808,669074.24,4.09,14.6
garden_tools,3448,567145.68,4.07,15.21
toys,3803,546856.44,4.19,12.68
baby,2809,466727.65,4.06,15.36
perfumery,3086,443171.63,4.22,13.14
telephony,4093,379202.62,3.99,15.78
office_furniture,1254,335211.36,3.51,25.66
stationery,2264,269575.05,4.24,11.76
pet_shop,1688,250614.2,4.21,12.27
computers,177,228349.76,4.19,12.56
musical_instruments,611,202187.12,4.2,12.29
electronics,2517,200723.09,4.05,15.13
small_appliances,609,198108.47,4.21,12.77
fashion_bags_accessories,1820,179888.29,4.18,11.84
luggage_accessories,1019,168778.12,4.35,8.82
consoles_games,1018,167097.73,4.11,12.86
construction_tools_construction,736,162382.01,4.08,14.3
home_appliances_2,227,118208.52,4.16,12.12
home_construction,483,95022.37,3.94,17.79
home_appliances,747,93301.78,4.21,11.01
furniture_living_room,414,85045.07,3.92,17.58
agro_industry_and_commerce,177,76203.3,4.09,13.59
home_confort,392,66438.22,3.86,19.58
air_conditioning,246,59854.55,4.0,16.96
fixed_telephony,212,59816.54,3.75,23.53
kitchen_dining_laundry_garden_furniture,241,57072.97,4.02,13.87
audio,348,56255.32,3.82,21.82
books_general_interest,495,54127.57,4.5,6.9
construction_tools_lights,242,47447.14,4.0,16.28
industry_commerce_and_business,231,45725.1,4.09,14.02
construction_tools_safety,159,42504.02,3.95,18.03
food,441,35794.68,4.21,13.43
market_place,274,33114.38,4.05,13.44
costruction_tools_garden,190,30283.94,4.12,15.52
fashion_shoes,235,27814.83,4.26,11.67
signaling_and_security,138,27792.59,4.08,12.18
art,195,27485.53,4.06,14.72
drinks,287,26971.11,4.12,12.47
furniture_bedroom,90,23379.22,4.25,12.62
books_technical,256,22901.07,4.38,10.65
food_drink,221,19337.77,4.36,6.69
costruction_tools_tools,97,17934.17,4.36,10.68
fashion_male_clothing,106,12514.95,3.74,25.6
christmas_supplies,125,11928.75,3.95,16.67
fashion_underwear_beach,117,11160.02,4.02,16.54
