order_date,dau,orders
2017-01-05,18,32
2017-01-06,4,4
2017-01-07,4,4
2017-01-08,4,4
2017-01-09,5,5
2017-01-10,6,6
2017-01-11,10,10
2017-01-12,12,12
2017-01-13,10,10
2017-01-14,15,16
2017-01-15,13,14
2017-01-16,17,18
2017-01-17,31,32
2017-01-18,30,30
2017-01-19,28,29
2017-01-20,28,28
2017-01-21,20,22
2017-01-22,30,30
2017-01-23,36,36
2017-01-24,38,38
2017-01-25,57,57
2017-01-26,79,82
2017-01-27,58,59
2017-01-28,28,28
2017-01-29,31,32
2017-01-30,46,48
2017-01-31,62,64
2017-02-01,60,61
2017-02-02,67,67
2017-02-03,54,54
2017-02-04,64,64
2017-02-05,73,74
2017-02-06,76,78
2017-02-07,104,108
2017-02-08,83,83
2017-02-09,72,73
2017-02-10,63,63
2017-02-11,45,45
2017-02-12,61,61
2017-02-13,74,74
2017-02-14,65,66
2017-02-15,56,56
2017-02-16,49,49
2017-02-17,45,45
2017-02-18,50,52
2017-02-19,37,37
2017-02-20,59,59
2017-02-21,38,38
2017-02-22,51,53
2017-02-23,55,57
2017-02-24,60,60
2017-02-25,39,39
2017-02-26,42,42
2017-02-27,41,41
2017-02-28,53,53
2017-03-01,92,93
2017-03-02,66,66
2017-03-03,69,72
2017-03-04,66,69
2017-03-05,66,67
2017-03-06,94,94
2017-03-07,77,78
2017-03-08,73,73
2017-03-09,86,88
2017-03-10,81,84
2017-03-11,68,68
2017-03-12,61,63
2017-03-13,102,104
2017-03-14,95,95
2017-03-15,100,101
2017-03-16,100,100
2017-03-17,64,64
2017-03-18,71,71
2017-03-19,56,56
2017-03-20,111,113
2017-03-21,90,92
2017-03-22,103,104
2017-03-23,104,105
2017-03-24,73,75
2017-03-25,69,72
2017-03-26,63,63
2017-03-27,106,107
2017-03-28,95,96
2017-03-29,71,72
2017-03-30,72,72
2017-03-31,69,69
2017-04-01,63,66
2017-04-02,63,64
2017-04-03,68,68
2017-04-04,96,96
2017-04-05,90,93
2017-04-06,91,92
2017-04-07,80,82
2017-04-08,63,64
2017-04-09,65,68
2017-04-10,84,84
2017-04-11,73,73
2017-04-12,61,61
2017-04-13,59,60
2017-04-14,47,47
2017-04-15,49,49
2017-04-16,47,47
2017-04-17,58,58
2017-04-18,71,71
2017-04-19,92,93
2017-04-20,86,91
2017-04-21,66,66
2017-04-22,82,82
2017-04-23,83,84
2017-04-24,110,110
2017-04-25,106,106
2017-04-26,122,122
2017-04-27,75,75
2017-04-28,95,95
2017-04-29,70,70
2017-04-30,66,66
2017-05-01,109,111
2017-05-02,122,122
2017-05-03,101,101
2017-05-04,105,107
2017-05-05,103,104
2017-05-06,100,103
2017-05-07,100,102
2017-05-08,120,120
2017-05-09,119,120
2017-05-10,107,109
2017-05-11,123,124
2017-05-12,103,105
2017-05-13,66,67
2017-05-14,108,108
2017-05-15,146,149
2017-05-16,146,149
2017-05-17,138,139
2017-05-18,122,124
2017-05-19,135,140
2017-05-20,70,70
2017-05-21,141,145
2017-05-22,142,145
2017-05-23,120,120
2017-05-24,137,140
2017-05-25,101,102
2017-05-26,76,77
2017-05-27,76,77
2017-05-28,98,98
2017-05-29,150,151
2017-05-30,98,98
2017-05-31,118,118
2017-06-01,121,123
2017-06-02,121,123
2017-06-03,88,88
2017-06-04,98,99
2017-06-05,140,142
2017-06-06,124,128
2017-06-07,121,122
2017-06-08,131,134
2017-06-09,103,105
2017-06-10,71,72
2017-06-11,108,111
2017-06-12,121,121
2017-06-13,121,121
2017-06-14,124,128
2017-06-15,99,103
2017-06-16,93,94
2017-06-17,71,72
2017-06-18,85,87
2017-06-19,148,152
2017-06-20,90,90
2017-06-21,34,34
2017-06-22,82,83
2017-06-23,102,103
2017-06-24,73,74
2017-06-25,96,99
2017-06-26,65,67
2017-06-27,140,140
2017-06-28,117,117
2017-06-29,108,110
2017-06-30,93,93
2017-07-01,77,77
2017-07-02,101,102
2017-07-03,110,111
2017-07-04,118,120
2017-07-05,135,138
2017-07-06,138,140
2017-07-07,114,114
2017-07-08,82,83
2017-07-09,88,88
2017-07-10,137,140
2017-07-11,157,158
2017-07-12,145,145
2017-07-13,129,131
2017-07-14,146,148
2017-07-15,97,97
2017-07-16,107,107
2017-07-17,159,162
2017-07-18,185,188
2017-07-19,145,148
2017-07-20,139,139
2017-07-21,109,112
2017-07-22,84,87
2017-07-23,100,101
2017-07-24,154,157
2017-07-25,143,145
2017-07-26,114,117
2017-07-27,120,121
2017-07-28,127,130
2017-07-29,107,109
2017-07-30,113,114
2017-07-31,139,143
2017-08-01,160,161
2017-08-02,149,149
2017-08-03,143,144
2017-08-04,136,139
2017-08-05,111,113
2017-08-06,104,105
2017-08-07,155,157
2017-08-08,145,146
2017-08-09,140,140
2017-08-10,150,154
2017-08-11,130,133
2017-08-12,89,91
2017-08-13,90,90
2017-08-14,150,153
2017-08-15,183,186
2017-08-16,162,166
2017-08-17,151,153
2017-08-18,140,141
2017-08-19,106,106
2017-08-20,102,103
2017-08-21,170,172
2017-08-22,131,135
2017-08-23,109,111
2017-08-24,121,123
2017-08-25,113,117
2017-08-26,89,89
2017-08-27,113,115
2017-08-28,145,150
2017-08-29,134,135
2017-08-30,168,173
2017-08-31,142,143
2017-09-01,150,153
2017-09-02,100,102
2017-09-03,123,123
2017-09-04,143,147
2017-09-05,151,151
2017-09-06,137,138
2017-09-07,96,97
2017-09-08,109,111
2017-09-09,100,103
2017-09-10,131,132
2017-09-11,176,176
2017-09-12,196,200
2017-09-13,201,203
2017-09-14,162,163
2017-09-15,143,144
2017-09-16,124,125
2017-09-17,123,125
2017-09-18,177,179
2017-09-19,147,149
2017-09-20,157,158
2017-09-21,144,144
2017-09-22,130,133
2017-09-23,80,81
2017-09-24,108,112
2017-09-25,129,129
2017-09-26,173,174
2017-09-27,142,144
2017-09-28,140,140
2017-09-29,108,109
2017-09-30,105,105
2017-10-01,122,124
2017-10-02,140,140
2017-10-03,190,193
2017-10-04,154,156
2017-10-05,138,138
2017-10-06,122,124
2017-10-07,99,100
2017-10-08,122,124
2017-10-09,185,187
2017-10-10,174,175
2017-10-11,147,151
2017-10-12,135,136
2017-10-13,149,150
2017-10-14,114,114
2017-10-15,117,117
2017-10-16,188,188
2017-10-17,192,195
2017-10-18,174,176
2017-10-19,169,172
2017-10-20,118,118
2017-10-21,103,104
2017-10-22,149,152
2017-10-23,152,152
2017-10-24,161,162
2017-10-25,149,152
2017-10-26,139,140
2017-10-27,130,130
2017-10-28,82,85
2017-10-29,126,129
2017-10-30,138,138
2017-10-31,155,156
2017-11-01,107,108
2017-11-02,117,117
2017-11-03,137,138
2017-11-04,105,106
2017-11-05,132,137
2017-11-06,182,182
2017-11-07,153,154
2017-11-08,167,169
2017-11-09,182,182
2017-11-10,158,159
2017-11-11,151,152
2017-11-12,170,170
2017-11-13,197,197
2017-11-14,182,184
2017-11-15,175,176
2017-11-16,217,219
2017-11-17,183,185
2017-11-18,138,141
2017-11-19,154,157
2017-11-20,217,219
2017-11-21,221,222
2017-11-22,187,190
2017-11-23,265,268
2017-11-24,1132,1147
2017-11-25,480,487
2017-11-26,377,382
2017-11-27,391,395
2017-11-28,368,371
2017-11-29,313,314
2017-11-30,257,260
2017-12-01,261,267
2017-12-02,211,212
2017-12-03,227,227
2017-12-04,318,322
2017-12-05,268,269
2017-12-06,265,269
2017-12-07,222,223
2017-12-08,209,210
2017-12-09,152,154
2017-12-10,180,184
2017-12-11,259,262
2017-12-12,249,251
2017-12-13,211,215
2017-12-14,194,195
2017-12-15,184,185
2017-12-16,129,129
2017-12-17,127,130
2017-12-18,204,205
2017-12-19,172,173
2017-12-20,167,168
2017-12-21,140,140
2017-12-22,108,108
2017-12-23,100,101
2017-12-24,57,57
2017-12-25,84,86
2017-12-26,165,165
2017-12-27,164,164
2017-12-28,143,143
2017-12-29,131,132
2017-12-30,96,96
2017-12-31,71,71
2018-01-01,72,72
2018-01-02,200,200
2018-01-03,218,219
2018-01-04,246,248
2018-01-05,195,197
2018-01-06,212,213
2018-01-07,192,192
2018-01-08,285,287
2018-01-09,245,246
2018-01-10,271,271
2018-01-11,259,260
2018-01-12,233,234
2018-01-13,209,211
2018-01-14,225,229
2018-01-15,297,300
2018-01-16,293,296
2018-01-17,275,277
2018-01-18,230,236
2018-01-19,223,225
2018-01-20,179,182
2018-01-21,187,188
2018-01-22,300,305
2018-01-23,254,256
2018-01-24,233,236
2018-01-25,222,226
2018-01-26,222,223
2018-01-27,147,150
2018-01-28,147,149
2018-01-29,239,242
2018-01-30,244,248
2018-01-31,246,251
2018-02-01,224,227
2018-02-02,205,207
2018-02-03,188,189
2018-02-04,196,197
2018-02-05,259,265
2018-02-06,258,262
2018-02-07,238,242
2018-02-08,222,225
2018-02-09,206,208
2018-02-10,169,174
2018-02-11,163,165
2018-02-12,210,214
2018-02-13,213,217
2018-02-14,276,287
2018-02-15,264,270
2018-02-16,208,210
2018-02-17,196,198
2018-02-18,196,199
2018-02-19,248,251
2018-02-20,281,283
2018-02-21,250,260
2018-02-22,264,268
2018-02-23,223,231
2018-02-24,183,188
2018-02-25,226,231
2018-02-26,282,290
2018-02-27,283,293
2018-02-28,298,303
2018-03-01,265,268
2018-03-02,256,262
2018-03-03,199,205
2018-03-04,224,228
2018-03-05,248,252
2018-03-06,266,268
2018-03-07,251,254
2018-03-08,223,227
2018-03-09,196,197
2018-03-10,183,185
2018-03-11,214,215
2018-03-12,226,228
2018-03-13,216,217
2018-03-14,194,195
2018-03-15,271,272
2018-03-16,239,242
2018-03-17,175,176
2018-03-18,206,211
2018-03-19,291,293
2018-03-20,290,292
2018-03-21,274,277
2018-03-22,247,249
2018-03-23,208,209
2018-03-24,163,163
2018-03-25,187,188
2018-03-26,265,266
2018-03-27,238,239
2018-03-28,210,210
2018-03-29,188,188
2018-03-30,163,163
2018-03-31,162,164
2018-04-01,201,201
2018-04-02,274,274
2018-04-03,243,243
2018-04-04,251,252
2018-04-05,259,261
2018-04-06,181,181
2018-04-07,160,161
2018-04-08,182,183
2018-04-09,248,250
2018-04-10,195,196
2018-04-11,261,262
2018-04-12,252,253
2018-04-13,197,197
2018-04-14,143,145
2018-04-15,217,219
2018-04-16,275,276
2018-04-17,257,258
2018-04-18,270,271
2018-04-19,285,287
2018-04-20,192,192
2018-04-21,154,154
2018-04-22,198,199
2018-04-23,282,283
2018-04-24,263,265
2018-04-25,278,279
2018-04-26,250,250
2018-04-27,236,237
2018-04-28,166,166
2018-04-29,168,168
2018-04-30,235,235
2018-05-01,252,252
2018-05-02,286,287
2018-05-03,297,300
2018-05-04,262,262
2018-05-05,192,192
2018-05-06,205,206
2018-05-07,362,363
2018-05-08,323,323
2018-05-09,333,335
2018-05-10,271,273
2018-05-11,244,244
2018-05-12,200,200
2018-05-13,204,205
2018-05-14,355,355
2018-05-15,347,348
2018-05-16,350,351
2018-05-17,223,224
2018-05-18,231,232
2018-05-19,135,137
2018-05-20,158,158
2018-05-21,199,199
2018-05-22,195,195
2018-05-23,132,132
2018-05-24,113,113
2018-05-25,103,103
2018-05-26,99,99
2018-05-27,98,100
2018-05-28,142,142
2018-05-29,149,149
2018-05-30,138,138
2018-05-31,131,132
2018-06-01,182,184
2018-06-02,141,141
2018-06-03,188,189
2018-06-04,219,222
2018-06-05,194,196
2018-06-06,226,227
2018-06-07,223,223
2018-06-08,194,194
2018-06-09,169,169
2018-06-10,190,190
2018-06-11,294,294
2018-06-12,244,244
2018-06-13,253,253
2018-06-14,211,211
2018-06-15,181,182
2018-06-16,161,162
2018-06-17,151,151
2018-06-18,242,243
2018-06-19,228,228
2018-06-20,215,215
2018-06-21,231,232
2018-06-22,177,177
2018-06-23,148,149
2018-06-24,198,198
2018-06-25,238,238
2018-06-26,238,238
2018-06-27,213,213
2018-06-28,238,239
2018-06-29,170,171
2018-06-30,122,123
2018-07-01,156,156
2018-07-02,193,193
2018-07-03,214,214
2018-07-04,250,251
2018-07-05,192,193
2018-07-06,120,120
2018-07-07,89,89
2018-07-08,117,118
2018-07-09,146,146
2018-07-10,129,129
2018-07-11,123,123
2018-07-12,116,117
2018-07-13,167,167
2018-07-14,141,142
2018-07-15,148,148
2018-07-16,235,238
2018-07-17,212,216
2018-07-18,294,302
2018-07-19,245,249
2018-07-20,246,247
2018-07-21,181,184
2018-07-22,211,213
2018-07-23,298,298
2018-07-24,262,264
2018-07-25,263,264
2018-07-26,243,244
2018-07-27,185,186
2018-07-28,171,172
2018-07-29,181,182
2018-07-30,278,278
2018-07-31,313,313
2018-08-01,305,306
2018-08-02,292,292
2018-08-03,308,308
2018-08-04,236,236
2018-08-05,268,269
2018-08-06,363,363
2018-08-07,352,353
2018-08-08,308,310
2018-08-09,280,280
2018-08-10,248,249
2018-08-11,185,185
2018-08-12,191,191
2018-08-13,283,284
2018-08-14,309,311
2018-08-15,282,282
2018-08-16,315,316
2018-08-17,247,249
2018-08-18,193,193
2018-08-19,203,204
2018-08-20,251,251
2018-08-21,238,238
2018-08-22,184,185
2018-08-23,142,142
2018-08-24,96,96
2018-08-25,69,69
2018-08-26,73,73
2018-08-27,66,66
2018-08-28,39,39
2018-08-29,11,11
