order_month,orders,gmv,aov
2017-01,750,125651.55,167.54
2017-02,1652,267198.11,161.74
2017-03,2546,408153.37,160.31
2017-04,2303,386274.25,167.73
2017-05,3545,558923.94,157.67
2017-06,3135,483592.95,154.26
2017-07,3872,557470.6,143.97
2017-08,4193,635822.66,151.64
2017-09,4150,690570.56,166.4
2017-10,4478,738848.68,165.0
2017-11,7288,1132660.11,155.41
2017-12,5513,832463.09,151.0
2018-01,7069,1061948.12,150.23
2018-02,6554,949659.09,144.9
2018-03,7003,1100973.37,157.21
2018-04,6798,1114587.52,163.96
2018-05,6749,1110708.63,164.57
2018-06,6096,994675.04,163.17
2018-07,6156,1010815.47,164.2
2018-08,6351,972304.1,153.09
