order_month,total_customers,new_customers,old_customers,new_rate
2017-01,718,717,1,99.86
2017-02,1629,1627,2,99.88
2017-03,2508,2503,5,99.8
2017-04,2274,2256,18,99.21
2017-05,3478,3450,28,99.19
2017-06,3076,3037,39,98.73
2017-07,3802,3752,50,98.68
2017-08,4114,4057,57,98.61
2017-09,4083,4004,79,98.07
2017-10,4417,4328,89,97.99
2017-11,7182,7059,123,98.29
2017-12,5450,5338,112,97.94
2018-01,6974,6842,132,98.11
2018-02,6399,6287,112,98.25
2018-03,6914,6774,140,97.98
2018-04,6744,6582,162,97.6
2018-05,6693,6506,187,97.21
2018-06,6058,5875,183,96.98
2018-07,6097,5946,151,97.52
2018-08,6310,6144,166,97.37
